target,pipeline,run,ops_per_sec,p50_ms,p99_ms,p999_ms
distkv-1t,1,1,74159.93,1.19100,3.58300,9.91900
distkv-1t,1,2,72299.61,1.24700,3.39100,5.91900
distkv-1t,1,3,75105.95,1.19900,3.15100,5.27900
distkv-1t,16,1,551963.87,2.68700,6.49500,13.63100
distkv-1t,16,2,536844.51,2.75100,6.71900,14.14300
distkv-1t,16,3,604884.65,2.44700,5.88700,11.64700
redis,1,1,67311.49,1.39900,3.05500,11.83900
redis,1,2,66120.71,1.44700,3.03900,5.40700
redis,1,3,67035.38,1.41500,3.26300,6.43100
redis,16,1,692684.20,2.19100,4.54300,6.71900
redis,16,2,669959.66,2.25500,4.86300,7.80700
redis,16,3,618681.58,2.39900,5.85500,11.83900
